epoch,time,train/ce_loss,train/dice_loss,train/aux_loss,metrics/mIoU,metrics/pixel_acc,val/ce_loss,val/dice_loss,val/aux_loss,lr/pg0,lr/pg1,lr/pg2
1,2.08844,5.40486,0.36004,1.96454,0.91504,0.99082,0.05574,0.04698,0,0,0,0
2,2.8323,4.89669,0.35868,1.71799,0.91504,0.99082,0.05574,0.04698,0,0.000476239,0.000476239,0.000476239
3,3.46025,2.68458,0.25693,0.95973,0.91504,0.99082,0.05574,0.04698,0,0.000952289,0.000952289,0.000952289
4,4.06135,2.89714,0.26578,1.04508,0.91504,0.99082,0.05574,0.04698,0,0.00142815,0.00142815,0.00142815
5,4.6977,4.5526,0.33535,1.64228,0.91505,0.99088,0.05539,0.04676,0,0.00142787,0.00142787,0.00142787
6,5.30777,3.59066,0.27291,1.24058,0.91505,0.99088,0.05539,0.04676,0,0.00142759,0.00142759,0.00142759
7,5.95616,4.15586,0.31195,1.45659,0.91505,0.99088,0.05539,0.04676,0,0.0014273,0.0014273,0.0014273
8,6.55365,3.08659,0.26989,1.11015,0.91505,0.99088,0.05539,0.04676,0,0.00142702,0.00142702,0.00142702
9,7.13469,2.28505,0.24566,0.82058,0.91528,0.99092,0.05543,0.04665,0,0.00142674,0.00142674,0.00142674
10,7.73748,3.04995,0.27529,1.06057,0.91528,0.99092,0.05543,0.04665,0,0.00142645,0.00142645,0.00142645
11,8.33799,3.74683,0.30658,1.32948,0.91528,0.99092,0.05543,0.04665,0,0.00142617,0.00142617,0.00142617
12,8.96136,4.39426,0.32751,1.51593,0.91528,0.99092,0.05543,0.04665,0,0.00142589,0.00142589,0.00142589
13,9.59936,4.35735,0.30756,1.53474,0.91547,0.99099,0.05558,0.04671,0,0.0014256,0.0014256,0.0014256
14,10.3248,3.07083,0.26144,1.10135,0.91547,0.99099,0.05558,0.04671,0,0.00142532,0.00142532,0.00142532
15,10.9407,4.4043,0.3445,1.56785,0.91547,0.99099,0.05558,0.04671,0,0.00142504,0.00142504,0.00142504
16,11.5715,4.0904,0.28952,1.46729,0.91547,0.99099,0.05558,0.04671,0,0.00142476,0.00142476,0.00142476
17,12.2461,4.87418,0.34007,1.73845,0.94909,0.99417,0.03027,0.03423,0,0.00142447,0.00142447,0.00142447
18,13.1125,0.19428,0.0771,0.07959,0.94909,0.99417,0.03027,0.03423,0,0.00142419,0.00142419,0.00142419
19,14.0092,0.23303,0.10541,0.10129,0.94909,0.99417,0.03027,0.03423,0,0.00142391,0.00142391,0.00142391
20,14.91,0.11584,0.07354,0.06444,0.94909,0.99417,0.03027,0.03423,0,0.00142362,0.00142362,0.00142362
21,15.8271,0.29396,0.24957,0.08266,0.89799,0.96976,0.31616,0.26032,0,0.00142334,0.00142334,0.00142334
22,16.6388,0.07237,0.09579,0.1555,0.89799,0.96976,0.31616,0.26032,0,0.00142306,0.00142306,0.00142306
23,17.4666,0.0501,0.1027,0.12969,0.89799,0.96976,0.31616,0.26032,0,0.00142278,0.00142278,0.00142278
24,18.2594,0.04984,0.10374,0.09675,0.89799,0.96976,0.31616,0.26032,0,0.00142249,0.00142249,0.00142249
25,19.1296,0.04376,0.11381,0.11433,0.83837,0.97069,0.2198,0.10119,0,0.00142221,0.00142221,0.00142221
26,19.9479,0.03682,0.06758,0.02818,0.83837,0.97069,0.2198,0.10119,0,0.00142193,0.00142193,0.00142193
27,20.7687,0.056,0.0982,0.03594,0.83837,0.97069,0.2198,0.10119,0,0.00142164,0.00142164,0.00142164
28,21.6123,0.03562,0.08502,0.02583,0.83837,0.97069,0.2198,0.10119,0,0.00142136,0.00142136,0.00142136
29,22.4191,0.04376,0.09488,0.02709,0.76453,0.91069,1.74228,0.14536,0,0.00142108,0.00142108,0.00142108
30,23.2127,0.01987,0.04073,0.01411,0.76453,0.91069,1.74228,0.14536,0,0.00142079,0.00142079,0.00142079
31,24.0892,0.02522,0.03879,0.01508,0.76453,0.91069,1.74228,0.14536,0,0.00142051,0.00142051,0.00142051
32,25.1066,0.01827,0.04235,0.0141,0.76453,0.91069,1.74228,0.14536,0,0.00142023,0.00142023,0.00142023
33,26.2315,0.02517,0.0675,0.02461,0.73805,0.86453,2.15422,0.17774,0,0.00141995,0.00141995,0.00141995
34,27.0239,0.01535,0.03962,0.01707,0.73805,0.86453,2.15422,0.17774,0,0.00141966,0.00141966,0.00141966
35,28.0951,0.0173,0.08774,0.01856,0.73805,0.86453,2.15422,0.17774,0,0.00141938,0.00141938,0.00141938
36,29.0412,0.01436,0.03208,0.01536,0.73805,0.86453,2.15422,0.17774,0,0.0014191,0.0014191,0.0014191
37,29.866,0.0163,0.0346,0.0134,0.7685,0.90161,0.95098,0.14493,0,0.00141881,0.00141881,0.00141881
38,30.6935,0.02075,0.05855,0.02071,0.7685,0.90161,0.95098,0.14493,0,0.00141853,0.00141853,0.00141853
39,31.6564,0.01587,0.03386,0.0128,0.7685,0.90161,0.95098,0.14493,0,0.00141825,0.00141825,0.00141825
40,32.4671,0.02801,0.04466,0.04129,0.7685,0.90161,0.95098,0.14493,0,0.00141797,0.00141797,0.00141797
41,33.3303,0.01359,0.03348,0.01647,0.8342,0.92864,0.51409,0.10581,0,0.00141768,0.00141768,0.00141768
42,34.1606,0.00989,0.05246,0.01308,0.8342,0.92864,0.51409,0.10581,0,0.0014174,0.0014174,0.0014174
43,34.9938,0.00948,0.02417,0.0104,0.8342,0.92864,0.51409,0.10581,0,0.00141712,0.00141712,0.00141712
44,35.8277,0.01765,0.04,0.0122,0.8342,0.92864,0.51409,0.10581,0,0.00141683,0.00141683,0.00141683
45,36.7498,0.02237,0.03911,0.01418,0.95414,0.99256,0.04031,0.02925,0,0.00141655,0.00141655,0.00141655
46,37.596,0.01084,0.03594,0.01068,0.95414,0.99256,0.04031,0.02925,0,0.00141627,0.00141627,0.00141627
47,39.2501,0.01009,0.02752,0.00834,0.95414,0.99256,0.04031,0.02925,0,0.00141598,0.00141598,0.00141598
48,40.721,0.0096,0.02297,0.00973,0.95414,0.99256,0.04031,0.02925,0,0.0014157,0.0014157,0.0014157
49,41.5833,0.0094,0.01933,0.01147,0.96273,0.9944,0.02625,0.02035,0,0.00141542,0.00141542,0.00141542
50,42.4386,0.00933,0.02016,0.00827,0.96273,0.9944,0.02625,0.02035,0,0.00141514,0.00141514,0.00141514
51,43.2643,0.00926,0.02329,0.00758,0.96273,0.9944,0.02625,0.02035,0,0.00141485,0.00141485,0.00141485
52,44.1099,0.00935,0.01898,0.00792,0.96273,0.9944,0.02625,0.02035,0,0.00141457,0.00141457,0.00141457
53,44.9569,0.00889,0.0222,0.00817,0.96784,0.99514,0.0228,0.01754,0,0.00141429,0.00141429,0.00141429
54,45.7901,0.00842,0.02127,0.00883,0.96784,0.99514,0.0228,0.01754,0,0.001414,0.001414,0.001414
55,46.7141,0.00919,0.01751,0.00744,0.96784,0.99514,0.0228,0.01754,0,0.00141372,0.00141372,0.00141372
56,47.5635,0.00879,0.01909,0.00725,0.96784,0.99514,0.0228,0.01754,0,0.00141344,0.00141344,0.00141344
57,48.4197,0.01168,0.02184,0.00744,0.96762,0.99533,0.02136,0.01805,0,0.00141316,0.00141316,0.00141316
58,49.234,0.00736,0.01901,0.00865,0.96762,0.99533,0.02136,0.01805,0,0.00141287,0.00141287,0.00141287
59,50.0308,0.17929,0.12746,0.10067,0.96762,0.99533,0.02136,0.01805,0,0.00141259,0.00141259,0.00141259
60,50.8418,0.00966,0.02056,0.012,0.96762,0.99533,0.02136,0.01805,0,0.00141231,0.00141231,0.00141231
61,51.6623,0.00867,0.0202,0.00768,0.96199,0.99471,0.02501,0.02073,0,0.00141202,0.00141202,0.00141202
62,52.5151,0.01329,0.02199,0.00993,0.96199,0.99471,0.02501,0.02073,0,0.00141174,0.00141174,0.00141174
63,53.3144,0.03543,0.06887,0.03683,0.96199,0.99471,0.02501,0.02073,0,0.00141146,0.00141146,0.00141146
64,54.1059,0.01518,0.0217,0.0113,0.96199,0.99471,0.02501,0.02073,0,0.00141117,0.00141117,0.00141117
65,54.9323,0.0108,0.02236,0.012,0.96887,0.99491,0.01971,0.01831,0,0.00141089,0.00141089,0.00141089
66,55.8112,0.01104,0.02263,0.01325,0.96887,0.99491,0.01971,0.01831,0,0.00141061,0.00141061,0.00141061
67,56.6761,0.01011,0.02148,0.01224,0.96887,0.99491,0.01971,0.01831,0,0.00141033,0.00141033,0.00141033
68,57.6107,0.0087,0.03158,0.01601,0.96887,0.99491,0.01971,0.01831,0,0.00141004,0.00141004,0.00141004
69,58.4825,0.01155,0.02213,0.01633,0.96009,0.99238,0.03109,0.02353,0,0.00140976,0.00140976,0.00140976
70,59.2844,0.0144,0.02153,0.0098,0.96009,0.99238,0.03109,0.02353,0,0.00140948,0.00140948,0.00140948
71,60.0552,0.02006,0.0217,0.01199,0.96009,0.99238,0.03109,0.02353,0,0.00140919,0.00140919,0.00140919
72,60.8747,0.01328,0.02064,0.01044,0.96009,0.99238,0.03109,0.02353,0,0.00140891,0.00140891,0.00140891
73,61.7233,0.01194,0.02167,0.00935,0.94987,0.99114,0.04088,0.02855,0,0.00140863,0.00140863,0.00140863
74,62.5431,0.01203,0.03328,0.00991,0.94987,0.99114,0.04088,0.02855,0,0.00140835,0.00140835,0.00140835
75,63.4374,0.01983,0.04205,0.01745,0.94987,0.99114,0.04088,0.02855,0,0.00140806,0.00140806,0.00140806
76,64.2584,0.04184,0.10381,0.02217,0.94987,0.99114,0.04088,0.02855,0,0.00140778,0.00140778,0.00140778
77,65.0548,0.02141,0.0298,0.01544,0.95078,0.99187,0.03847,0.02756,0,0.0014075,0.0014075,0.0014075
78,65.8527,0.00895,0.02045,0.01009,0.95078,0.99187,0.03847,0.02756,0,0.00140721,0.00140721,0.00140721
79,66.6878,0.0093,0.02791,0.00835,0.95078,0.99187,0.03847,0.02756,0,0.00140693,0.00140693,0.00140693
80,67.515,0.01522,0.02153,0.01602,0.95078,0.99187,0.03847,0.02756,0,0.00140665,0.00140665,0.00140665
81,68.3588,0.0083,0.01954,0.01052,0.96389,0.99378,0.0297,0.02105,0,0.00140636,0.00140636,0.00140636
82,69.1587,0.00926,0.01771,0.01137,0.96389,0.99378,0.0297,0.02105,0,0.00140608,0.00140608,0.00140608
83,70.0251,0.01375,0.02268,0.01332,0.96389,0.99378,0.0297,0.02105,0,0.0014058,0.0014058,0.0014058
84,70.8586,0.00996,0.02613,0.01108,0.96389,0.99378,0.0297,0.02105,0,0.00140552,0.00140552,0.00140552
85,71.6796,0.00639,0.01703,0.00925,0.96541,0.99362,0.03129,0.02041,0,0.00140523,0.00140523,0.00140523
86,72.4797,0.01157,0.01671,0.00926,0.96541,0.99362,0.03129,0.02041,0,0.00140495,0.00140495,0.00140495
87,73.2962,0.01719,0.02963,0.0082,0.96541,0.99362,0.03129,0.02041,0,0.00140467,0.00140467,0.00140467
88,74.1401,0.01397,0.02125,0.00903,0.96541,0.99362,0.03129,0.02041,0,0.00140438,0.00140438,0.00140438
89,74.9785,0.01116,0.02045,0.00823,0.96052,0.99286,0.03606,0.02322,0,0.0014041,0.0014041,0.0014041
90,75.7812,0.01139,0.01941,0.00676,0.96052,0.99286,0.03606,0.02322,0,0.00140382,0.00140382,0.00140382
91,76.5958,0.01168,0.02332,0.00873,0.96052,0.99286,0.03606,0.02322,0,0.00140354,0.00140354,0.00140354
92,77.4117,0.01196,0.01879,0.00558,0.96052,0.99286,0.03606,0.02322,0,0.00140325,0.00140325,0.00140325
93,78.2431,0.00976,0.01614,0.00541,0.96131,0.99321,0.03258,0.02259,0,0.00140297,0.00140297,0.00140297
94,79.0644,0.01287,0.02415,0.00834,0.96131,0.99321,0.03258,0.02259,0,0.00140269,0.00140269,0.00140269
95,79.8555,0.00816,0.01614,0.00557,0.96131,0.99321,0.03258,0.02259,0,0.0014024,0.0014024,0.0014024
96,80.6481,0.00996,0.01769,0.00575,0.96131,0.99321,0.03258,0.02259,0,0.00140212,0.00140212,0.00140212
97,81.4039,0.01106,0.02409,0.01367,0.96506,0.99387,0.02817,0.02058,0,0.00140184,0.00140184,0.00140184
98,82.2405,0.00757,0.02132,0.00785,0.96506,0.99387,0.02817,0.02058,0,0.00140155,0.00140155,0.00140155
99,83.0383,0.00896,0.02277,0.01538,0.96506,0.99387,0.02817,0.02058,0,0.00140127,0.00140127,0.00140127
100,83.8659,0.00786,0.01839,0.00809,0.96506,0.99387,0.02817,0.02058,0,0.00140099,0.00140099,0.00140099
101,84.6485,0.00837,0.01757,0.01222,0.96804,0.9948,0.01994,0.01924,0,0.00140071,0.00140071,0.00140071
102,85.4569,0.01167,0.02047,0.01063,0.96804,0.9948,0.01994,0.01924,0,0.00140042,0.00140042,0.00140042
103,86.4005,0.00795,0.01771,0.0056,0.96804,0.9948,0.01994,0.01924,0,0.00140014,0.00140014,0.00140014
104,87.2163,0.00942,0.02373,0.00627,0.96804,0.9948,0.01994,0.01924,0,0.00139986,0.00139986,0.00139986
105,88.025,0.00946,0.01678,0.00775,0.96769,0.99517,0.01686,0.01914,0,0.00139957,0.00139957,0.00139957
106,88.8171,0.00989,0.01716,0.01273,0.96769,0.99517,0.01686,0.01914,0,0.00139929,0.00139929,0.00139929
107,89.6993,0.01743,0.01563,0.00769,0.96769,0.99517,0.01686,0.01914,0,0.00139901,0.00139901,0.00139901
108,90.5218,0.01092,0.01443,0.00641,0.96769,0.99517,0.01686,0.01914,0,0.00139873,0.00139873,0.00139873
109,91.4026,0.0082,0.01599,0.00593,0.96826,0.99586,0.01345,0.01872,0,0.00139844,0.00139844,0.00139844
110,92.2168,0.00782,0.01537,0.00603,0.96826,0.99586,0.01345,0.01872,0,0.00139816,0.00139816,0.00139816
111,92.9925,0.00652,0.01836,0.00642,0.96826,0.99586,0.01345,0.01872,0,0.00139788,0.00139788,0.00139788
112,93.7864,0.0113,0.01517,0.00656,0.96826,0.99586,0.01345,0.01872,0,0.00139759,0.00139759,0.00139759
113,94.561,0.01172,0.01477,0.00584,0.96877,0.9965,0.01125,0.01819,0,0.00139731,0.00139731,0.00139731
114,95.3698,0.00925,0.01609,0.00643,0.96877,0.9965,0.01125,0.01819,0,0.00139703,0.00139703,0.00139703
115,96.1686,0.00781,0.01477,0.00607,0.96877,0.9965,0.01125,0.01819,0,0.00139674,0.00139674,0.00139674
